,RMSD,P-VALUE,INF-ALL,INF-WC,INF-NWC,INF-STACK,DI,MCQ,GDT-TS,GDT-TS@1,GDT-TS@2,GDT-TS@4,GDT-TS@8,CLASH,TM-score,QS-score,BARNABA-RMSD,BARNABA-eRMSD,BARNABA-eSCORE,lDDT
normalized_trrosettarna_2QUS_1.pdb,2.43,0.0,0.591,0.684,0.0,0.621,4.111,,0.441,0.176,0.279,0.338,0.971,0.0,0.731,0.0,0.214,1.478,1.511,0.673
normalized_trrosettarna_2QUS_2.pdb,2.502,0.0,0.63,0.8,0.0,0.625,3.971,,0.441,0.162,0.279,0.338,0.985,0.0,0.728,0.0,0.21,1.469,1.646,0.68
normalized_vfoldpipeline_2QUS.pdb,4.604,0.0,0.889,0.977,0.577,0.874,5.181,,0.382,0.132,0.221,0.309,0.868,0.0,0.748,0.0,0.46,0.856,2.332,0.8
normalized_simrna_2QUS.pdb,7.862,0.0,0.729,0.889,0.0,0.703,10.786,,0.298,0.118,0.206,0.294,0.574,0.0,0.334,0.0,0.815,1.484,1.993,0.053
normalized_trrosettarna_2QUS_5.pdb,8.168,0.0,0.462,0.522,0.0,0.503,17.696,,0.298,0.162,0.221,0.294,0.515,0.0,0.426,0.0,0.898,1.81,0.881,0.553
normalized_trrosettarna_2QUS_3.pdb,10.722,9.375278331447134e-13,0.362,0.0,0.0,0.488,29.629,,0.169,0.073,0.118,0.162,0.324,0.0,0.225,0.0,1.24,1.924,0.494,0.544
normalized_trrosettarna_2QUS_4.pdb,10.865,1.6559531523796522e-12,0.383,0.369,0.0,0.488,28.391,,0.162,0.073,0.118,0.147,0.309,0.0,0.228,0.0,1.257,1.915,0.404,0.535
normalized_3drna_2QUS_5.pdb,12.368,4.4232895124451943e-10,0.617,0.804,0.0,0.594,20.034,,0.217,0.103,0.132,0.206,0.426,0.0,0.239,0.0,1.313,1.598,1.432,0.467
normalized_3drna_2QUS_4.pdb,12.419,5.285937243471039e-10,0.613,0.827,0.0,0.569,20.254,,0.213,0.088,0.132,0.206,0.426,0.0,0.243,0.0,1.303,1.553,1.469,0.463
normalized_3drna_2QUS_3.pdb,12.515,7.370949406393379e-10,0.555,0.8,0.0,0.521,22.555,,0.206,0.088,0.132,0.206,0.397,0.0,0.235,0.0,1.318,1.695,1.379,0.451
normalized_3drna_2QUS_1.pdb,12.678,1.2850425168409174e-09,0.629,0.827,0.0,0.588,20.166,,0.21,0.088,0.132,0.221,0.397,0.0,0.248,0.0,1.358,1.593,1.413,0.443
normalized_rhofold_2QUS.pdb,12.994,3.710722007443934e-09,0.645,0.672,0.0,0.691,20.155,,0.257,0.103,0.162,0.221,0.544,0.0,0.322,0.0,1.359,1.654,1.083,0.464
normalized_3drna_2QUS_2.pdb,14.422,3.0561301789244766e-07,0.645,0.8,0.0,0.632,22.372,,0.21,0.103,0.118,0.221,0.397,0.0,0.253,0.0,1.508,1.612,1.374,0.422
normalized_isrna_2QUS.pdb,15.855,1.3838361243689867e-05,0.756,0.953,,0.708,20.974,,0.221,0.132,0.191,0.235,0.324,0.0,0.348,0.0,1.671,1.363,2.218,0.481
normalized_rnacomposer_2QUS.pdb,22.785,0.36622406479841585,0.691,0.905,0.0,0.635,32.951,,0.169,0.088,0.132,0.162,0.294,0.0,0.234,0.0,2.379,1.423,1.287,0.226
