,RMSD,P-VALUE,INF-ALL,INF-WC,INF-NWC,INF-STACK,DI,MCQ,GDT-TS,GDT-TS@1,GDT-TS@2,GDT-TS@4,GDT-TS@8,CLASH,TM-score,QS-score,BARNABA-RMSD,BARNABA-eRMSD,BARNABA-eSCORE,lDDT
normalized_trrosettarna_6CU1_1.pdb,1.946,0.0,0.787,0.945,0.714,0.733,2.474,,0.203,0.101,0.139,0.203,0.367,0.0,0.811,0.0,0.181,0.9,2.917,0.787
normalized_trrosettarna_6CU1_3.pdb,1.948,0.0,0.677,0.824,0.401,0.662,2.875,,0.199,0.089,0.127,0.215,0.367,0.0,0.798,0.0,0.187,1.189,2.389,0.753
normalized_trrosettarna_6CU1_2.pdb,2.107,0.0,0.675,0.802,0.571,0.645,3.122,,0.196,0.089,0.127,0.203,0.367,0.0,0.798,0.0,0.191,1.178,2.335,0.754
normalized_trrosettarna_6CU1_4.pdb,2.229,0.0,0.639,0.824,0.478,0.597,3.491,,0.203,0.101,0.127,0.215,0.367,0.0,0.805,0.0,0.184,1.205,2.28,0.752
normalized_rhofold_6CU1.pdb,3.219,0.0,0.806,0.983,0.189,0.778,3.996,,0.19,0.101,0.139,0.203,0.317,0.0,0.541,0.0,0.338,1.016,1.851,0.628
normalized_trrosettarna_6CU1_5.pdb,10.6,0.0,0.542,0.598,0.0,0.635,19.548,,0.161,0.076,0.139,0.152,0.279,0.0,0.393,0.0,1.15,1.604,1.357,0.606
normalized_simrna_6CU1.pdb,16.378,1.1520688480981534e-07,0.646,0.759,0.154,0.645,25.358,,0.136,0.076,0.127,0.139,0.203,0.0,0.326,0.0,1.7,1.703,2.777,0.012
normalized_3drna_6CU1_1.pdb,17.213,1.243906734060829e-06,0.636,0.694,0.267,0.642,27.08,,0.139,0.089,0.101,0.139,0.228,0.0,0.289,0.0,1.79,1.746,1.642,0.439
normalized_isrna_6CU1.pdb,17.533,2.9368198911639e-06,0.671,0.832,,0.64,26.128,,0.155,0.101,0.127,0.152,0.24,0.0,0.24,0.0,1.85,1.526,2.663,0.447
normalized_3drna_6CU1_5.pdb,17.953,8.632132337593745e-06,0.627,0.742,0.286,0.62,28.652,,0.161,0.101,0.114,0.203,0.228,0.0,0.272,0.0,1.81,1.663,1.612,0.361
normalized_3drna_6CU1_4.pdb,18.335,2.197356774530368e-05,0.705,0.849,0.0,0.7,26.013,,0.149,0.114,0.114,0.139,0.228,0.0,0.237,0.0,1.902,1.475,2.62,0.498
normalized_rnacomposer_6CU1.pdb,18.513,3.351866721079677e-05,0.739,0.832,0.535,0.715,25.064,,0.127,0.076,0.101,0.139,0.19,0.0,0.202,0.0,1.957,1.352,1.95,0.533
normalized_vfoldpipeline_6CU1.pdb,19.325,0.0002032805126883086,0.733,0.815,0.218,0.74,26.361,,0.149,0.101,0.127,0.152,0.215,0.0,0.257,0.0,2.021,1.383,3.125,0.541
normalized_3drna_6CU1_3.pdb,20.174,0.001093085061748711,0.483,0.546,0.154,0.508,41.734,,0.136,0.076,0.114,0.139,0.215,0.0,0.27,0.0,2.058,2.011,1.29,0.239
normalized_3drna_6CU1_2.pdb,20.264,0.0012898645417274701,0.648,0.803,0.0,0.618,31.286,,0.12,0.076,0.089,0.139,0.177,0.0,0.225,0.0,2.113,1.825,1.605,0.347
