,RMSD,P-VALUE,INF-ALL,INF-WC,INF-NWC,INF-STACK,DI,MCQ,GDT-TS,GDT-TS@1,GDT-TS@2,GDT-TS@4,GDT-TS@8,CLASH,TM-score,QS-score,BARNABA-RMSD,BARNABA-eRMSD,BARNABA-eSCORE,lDDT
normalized_trrosettarna_6UES_3.pdb,4.306,0.0,0.549,0.672,0.0,0.533,7.85,,0.569,0.151,0.429,0.706,0.992,0.0,0.628,0.0,0.431,1.536,1.986,0.621
normalized_trrosettarna_6UES_4.pdb,4.35,0.0,0.563,0.728,0.0,0.54,7.727,,0.576,0.151,0.42,0.731,1.0,0.0,0.64,0.0,0.428,1.541,1.932,0.624
normalized_trrosettarna_6UES_1.pdb,4.388,0.0,0.606,0.785,0.0,0.579,7.243,,0.58,0.16,0.429,0.74,0.992,0.0,0.626,0.0,0.442,1.487,2.009,0.626
normalized_trrosettarna_6UES_2.pdb,4.456,0.0,0.686,0.773,0.0,0.676,6.491,,0.563,0.143,0.429,0.689,0.992,0.0,0.619,0.0,0.45,1.357,2.408,0.623
normalized_rhofold_6UES.pdb,16.381,0.0,0.295,0.267,0.0,0.433,55.457,,0.208,0.05,0.118,0.227,0.437,0.0,0.308,0.0,1.685,2.37,0.827,0.308
normalized_trrosettarna_6UES_5.pdb,18.128,2.7755575615628914e-16,0.272,,0.0,0.422,66.727,,0.168,0.05,0.118,0.185,0.319,0.0,0.164,0.0,1.922,1.912,0.651,0.5
normalized_3drna_6UES_2.pdb,28.695,0.012855378105921744,0.463,0.327,0.0,0.556,61.945,,0.166,0.067,0.126,0.21,0.261,0.0,0.203,0.0,2.936,2.102,2.259,0.285
normalized_3drna_6UES_3.pdb,29.066,0.02145478185951316,0.429,0.357,0.0,0.487,67.799,,0.155,0.076,0.126,0.193,0.227,0.0,0.219,0.0,2.949,2.092,2.188,0.279
normalized_rnacomposer_6UES.pdb,29.157,0.024191868870644062,0.483,0.334,0.0,0.583,60.323,,0.189,0.109,0.143,0.218,0.286,0.0,0.224,0.0,3.019,2.022,2.335,0.324
normalized_3drna_6UES_4.pdb,31.61,0.2704242828690707,0.464,0.334,,0.543,68.104,,0.155,0.076,0.126,0.185,0.235,0.0,0.232,0.0,3.223,2.079,2.505,0.274
normalized_3drna_6UES_5.pdb,33.289,0.6260805668117044,0.474,0.334,0.0,0.569,70.186,,0.168,0.076,0.135,0.202,0.261,0.0,0.221,0.0,3.389,2.012,2.471,0.312
normalized_simrna_6UES.pdb,35.488,0.9385849414499412,0.459,0.318,0.0,0.555,77.358,,0.162,0.101,0.135,0.185,0.227,0.0,0.226,0.0,3.601,2.121,3.082,0.019
normalized_3drna_6UES_1.pdb,35.533,0.9415829313080728,0.489,0.336,0.0,0.595,72.608,,0.183,0.118,0.168,0.193,0.252,0.0,0.24,0.0,3.601,2.026,2.037,0.307
