Model,GDT-TS,DI
3dRNA,0.32390909090909087,23.574636363636365
IsRNA1,0.2843,29.815050000000003
MC-Sym,0.30825,26.9798125
RNAComposer,0.27645454545454545,31.66566666666667
RNAJP,0.25036363636363634,37.02133333333333
RhoFold,0.4014090909090909,19.770863636363636
Vfold-Pipeline,0.36942857142857144,28.229142857142858
Vfold3D,0.27625,34.20945
trRosettaRNA,0.5949545454545455,9.615363636363638
