,RMSD,P-VALUE,INF-ALL,INF-WC,INF-NWC,INF-STACK,DI,MCQ,GDT-TS,GDT-TS@1,GDT-TS@2,GDT-TS@4,GDT-TS@8,CLASH,TM-score,BARNABA-RMSD,BARNABA-eRMSD,BARNABA-eSCORE,lDDT,CAD
normalized_trrosettarna_r1128_1.pdb,12.603,0.0,0.699,0.82,0.0,0.685,18.022,28.21,0.243,0.08,0.172,0.248,0.471,0.0,0.405,1.315,1.163,11.033,0.702,0.869
normalized_trrosettarna_r1128_3.pdb,19.836,0.0,0.706,0.792,0.0,0.699,28.099,25.18,0.204,0.084,0.139,0.227,0.365,0.0,0.362,2.078,1.215,10.106,0.689,0.866
normalized_rhofold_R1128.pdb,20.424,0.0,0.519,0.068,0.0,0.708,39.352,61.67,0.142,0.034,0.088,0.155,0.29,0.0,0.306,2.091,1.774,4.399,0.0,0.747
normalized_trrosettarna_r1128_4.pdb,23.657,0.0,0.631,0.656,0.0,0.687,37.516,32.8,0.167,0.088,0.122,0.168,0.29,0.0,0.251,2.477,1.457,7.956,0.635,0.846
normalized_trrosettarna_r1128_2.pdb,23.936,0.0,0.656,0.73,0.0,0.679,36.508,31.29,0.239,0.109,0.198,0.244,0.408,0.0,0.376,2.461,1.291,9.051,0.678,0.86
normalized_trrosettarna_r1128_5.pdb,24.139,0.0,0.656,0.755,0.0,0.665,36.825,30.0,0.189,0.08,0.143,0.198,0.336,0.0,0.329,2.495,1.368,8.45,0.668,0.846
normalized_rnacomposer_r1128.pdb,38.381,1.360505376690746e-07,0.83,0.937,0.183,0.79,46.24,17.78,0.148,0.08,0.13,0.172,0.21,0.0,0.231,3.911,0.972,10.672,0.682,0.848
normalized_simrna_r1128.pdb,45.927,0.1711566755158999,0.791,0.886,0.0,0.753,58.028,18.84,0.148,0.067,0.139,0.168,0.218,0.0,0.202,4.631,1.188,12.341,0.02,0.837
