,RMSD,P-VALUE,INF-ALL,INF-WC,INF-NWC,INF-STACK,DI,MCQ,GDT-TS,GDT-TS@1,GDT-TS@2,GDT-TS@4,GDT-TS@8,CLASH,TM-score,BARNABA-RMSD,BARNABA-eRMSD,BARNABA-eSCORE,lDDT,CAD
normalized_trrosettarna_2A64_5.pdb,29.666,0.0,0.501,0.479,0.0,0.564,59.212,32.07,0.086,0.037,0.07,0.101,0.138,0.0,0.306,3.009,1.805,3.359,0.371,0.249
normalized_trrosettarna_2A64_1.pdb,33.821,0.0,0.575,0.655,0.0,0.592,58.776,27.41,0.085,0.037,0.064,0.101,0.138,0.0,0.325,3.443,1.648,4.694,0.401,0.253
normalized_rhofold_2A64.pdb,34.65,0.0,0.009,0.0,0.0,0.019,3794.812,75.19,0.023,0.007,0.013,0.02,0.05,0.0,0.135,3.511,3.162,1.398,0.0,0.053
normalized_3drna_2A64_3.pdb,35.355,0.0,0.492,0.564,0.0,0.509,71.901,35.56,0.072,0.027,0.067,0.081,0.114,0.0,0.226,3.59,2.029,3.564,0.226,0.229
normalized_3drna_2A64_4.pdb,35.371,0.0,0.331,0.348,0.0,0.372,106.738,40.92,0.08,0.047,0.077,0.087,0.107,0.0,0.221,3.583,2.275,3.052,0.098,0.188
normalized_3drna_2A64_5.pdb,36.822,0.0,0.432,0.525,0.0,0.444,85.274,38.25,0.076,0.067,0.07,0.074,0.094,0.0,0.165,3.727,2.158,3.54,0.191,0.234
normalized_3drna_2A64_2.pdb,38.12,0.0,0.382,0.439,0.0,0.407,99.838,38.69,0.068,0.05,0.067,0.074,0.081,0.0,0.214,3.859,2.243,3.206,0.124,0.194
normalized_trrosettarna_2A64_2.pdb,38.673,1.1102230246251563e-16,0.57,0.591,0.0,0.611,67.818,28.61,0.085,0.044,0.07,0.101,0.124,0.0,0.208,3.936,1.713,4.346,0.387,0.251
normalized_trrosettarna_2A64_3.pdb,38.675,1.1102230246251563e-16,0.597,0.657,0.0,0.618,64.782,27.51,0.081,0.04,0.07,0.097,0.117,0.0,0.279,3.91,1.641,4.485,0.386,0.252
normalized_3drna_2A64_1.pdb,38.822,2.220446049250313e-16,0.563,0.613,0.0,0.585,68.938,31.98,0.091,0.057,0.077,0.101,0.131,0.0,0.215,3.927,1.837,4.011,0.306,0.267
normalized_trrosettarna_2A64_4.pdb,40.705,6.847855615887967e-13,0.528,0.543,0.0,0.566,77.047,30.15,0.081,0.037,0.07,0.101,0.114,0.0,0.275,4.122,1.735,4.076,0.381,0.253
normalized_simrna_2A64.pdb,54.398,0.6984093348369569,0.594,0.656,0.047,0.622,91.598,27.64,0.066,0.027,0.054,0.077,0.107,0.0,0.14,5.471,1.837,5.866,0.006,0.267
