,RMSD,P-VALUE,INF-ALL,INF-WC,INF-NWC,INF-STACK,DI,MCQ,GDT-TS,GDT-TS@1,GDT-TS@2,GDT-TS@4,GDT-TS@8,CLASH,TM-score,QS-score
normalized_3drna_r1189_5.pdb,21.015,7.252076716923739e-11,0.623,0.786,,0.561,33.737,43.08,0.225,0.085,0.127,0.271,0.415,0.0,0.272,0.0
normalized_3drna_r1189_4.pdb,22.234,4.93239177279392e-09,0.644,0.816,,0.569,34.518,41.52,0.212,0.093,0.136,0.271,0.347,0.0,0.258,0.0
normalized_3drna_r1189_3.pdb,22.888,3.9407603569241445e-08,0.629,0.786,,0.58,36.379,45.32,0.203,0.076,0.119,0.271,0.347,0.0,0.256,0.0
normalized_3drna_r1189_2.pdb,23.206,1.0335677241846142e-07,0.627,0.795,,0.566,37.005,45.2,0.184,0.076,0.127,0.237,0.297,0.0,0.211,0.0
normalized_3drna_r1189_1.pdb,26.463,0.00035780366458404433,0.584,0.727,,0.522,45.338,47.36,0.193,0.068,0.119,0.271,0.314,0.0,0.222,0.0
normalized_isrna_r1189.pdb,29.128,0.028533543600165356,0.693,0.851,,0.633,42.039,36.05,0.227,0.093,0.203,0.288,0.322,0.0,0.248,0.0
normalized_trrosettarna_r1189_4.pdb,29.408,0.04027137113213053,0.446,0.522,,0.464,65.952,44.49,0.155,0.059,0.102,0.195,0.263,0.0,0.183,0.0
normalized_vfoldpipeline_r1189.pdb,30.267,0.10197523208330539,0.653,0.838,,0.567,46.34,38.55,0.197,0.076,0.161,0.254,0.297,0.0,0.235,0.0
normalized_trrosettarna_r1189_2.pdb,31.093,0.20855023241643988,0.561,0.645,,0.544,55.423,40.28,0.176,0.085,0.136,0.212,0.271,0.0,0.185,0.0
normalized_rnajp_r1189.pdb,31.705,0.31869952304884963,0.681,0.838,,0.633,46.578,33.93,0.186,0.076,0.127,0.237,0.305,0.0,0.206,0.0
normalized_trrosettarna_r1189_3.pdb,34.59,0.8710170048662514,0.532,0.706,,0.493,65.043,37.93,0.172,0.093,0.127,0.195,0.271,0.0,0.188,0.0
normalized_trrosettarna_r1189_5.pdb,35.307,0.9369873596683856,0.447,0.464,,0.488,78.9,46.99,0.161,0.068,0.102,0.203,0.271,0.0,0.194,0.0
normalized_rnacomposer_r1189.pdb,35.366,0.9409329284968349,0.66,0.851,,0.602,53.61,35.5,0.193,0.068,0.144,0.254,0.305,0.0,0.208,0.0
normalized_trrosettarna_r1189_1.pdb,36.473,0.9852821928931021,0.499,0.739,,0.445,73.056,37.91,0.172,0.076,0.119,0.212,0.28,0.0,0.182,0.0
